Id,ORGANIZATION,NAME,GENDER,SPECIALITY,ADDRESS,CITY,STATE,ZIP,LAT,LON,ENCOUNTERS,PROCEDURES
701b0cb1-c908-3cfc-9ce9-62d6a0e6f689,74ab949d-17ac-3309-83a0-13b4405c66aa,Gabriel934 Reilly981,F,GENERAL PRACTICE,881 Main Street,Fitchburg,MA,01420,42.586487,-71.80521,74,0
1badf641-936d-3766-ae28-886829dc8bbe,da92d3fc-5445-3825-a937-043ef0d6ecd0,Daniela614 Meza847,F,GENERAL PRACTICE,336 GRATTAN ST,CHICOPEE,MA,010201314,42.16629815,-72.59094099505367,27,0
e81c1120-890e-31de-a790-84b4fefce859,17a4bae5-8b64-34d7-8144-b428be027bd0,Lindsay928 Ward668,M,GENERAL PRACTICE,512 MAIN STREET  SUITE 211,SHREWSBURY,MA,015456406,42.295109499999995,-71.71808471110307,2,0
1d1d33b1-6196-3c7a-a383-b9966652f495,e09d4c49-c2ef-3b0f-9a46-3719d9219306,Jules135 Emard19,M,GENERAL PRACTICE,60 HOSPITAL RD,LEOMINSTER,MA,014533290,42.54031915,-71.76312990486304,27,0
6fc6ed6c-90d7-38ef-99a6-92d534334f90,c241b977-4131-32e4-9957-e0a00b2a1e5f,Kip442 Krajcik437,M,GENERAL PRACTICE,94 MAIN STREET,HYANNIS,MA,026013146,41.6562802,-70.27448000204822,15,0
19c924da-4edc-374a-9f09-d47de2ea06b0,ae88fd02-4911-3625-9e97-85b626ed3b0b,Cherrie404 Farrell962,F,GENERAL PRACTICE,476 VARNUM AVE,LOWELL,MA,018542122,42.6443795,-71.34721987550876,2,0
7d44f567-b02d-3b48-9694-26fad906b534,ab701a70-a658-340e-8f69-ee196a7d40c6,Jolie499 Parisian75,F,GENERAL PRACTICE,484 RTE 134,WORCESTER,MA,016071728,42.2625621,-71.8018877,19,0
1cbaa0bf-fac8-306f-b550-0daa08d31577,dcbd0460-9bcf-3e7d-a923-1d22bcc5a9bd,Troy560 Dooley940,F,GENERAL PRACTICE,279 DALTON AVENUE  SUITE B,PITTSFIELD,MA,012013500,42.4606344,-73.22185917597403,17,0
059f7460-431d-3cc6-a47f-04f59aacfff8,fa564970-fde4-332c-91d9-c0747b032d3e,Jeremy766 Hudson301,M,GENERAL PRACTICE,34 SOUTH LINCOLN STREET,NATICK,MA,017606049,42.2731232,-71.3105334275248,6,0
f53818bc-e170-3c24-a559-e0e9917ef593,1a40cadb-d382-3853-9975-8b74417f291b,Scott935 Kilback373,F,GENERAL PRACTICE,300 BROOKSBY VILLAGE DRIVE,PEABODY,MA,019601445,42.55186086054086,-70.97261268384547,7,0
20241a69-0e3c-3aa8-9e1e-a9c028afb65b,bdc3ee76-9cf3-316d-b202-a8da1ea3fa20,Harland508 Rippin620,M,GENERAL PRACTICE,130 RUMFORD AVENUE  SUITE 211,AUBURNDALE,MA,024661370,42.35853505,-71.24125521214887,4,0
d01134b2-f062-301b-9499-93c2fd4c82e4,643eac8e-1620-3b6a-b9f3-664b003d22cd,Luis923 Serrato62,M,GENERAL PRACTICE,34 GIFFORD ST,NEW BEDFORD,MA,027442610,41.6177929,-70.91890087055067,18,0
449acd76-029e-30d1-964e-ea3893735a55,8e3ca57f-6f74-3d61-9803-ab1424290216,Humberto482 Mann644,M,GENERAL PRACTICE,89 MORTON STREET,ANDOVER,MA,018102036,42.6551409,-71.12857340697036,4,0
5fe0c6ff-ee43-3b3d-b246-263a5d49d074,5fcff9db-16e4-3e56-aa78-abbc16338097,Marcus77 Schamberger479,M,GENERAL PRACTICE,295 VARNUM AVE,WESTFORD,MA,018863513,42.5792583,-71.4378411,25,0
34424c03-bc73-323c-a08f-6f0f1c0da503,84abfbd5-41c1-3df4-9b31-7ca93cb2309a,Cole117 Block661,M,GENERAL PRACTICE,85 HERRICK ST,BEVERLY,MA,019151790,42.56415055,-70.8751357650672,33,0
e030a935-ce23-311d-a21c-aa1678b464cf,c272e12f-e154-3fee-b05d-b7c0cab2657d,Trinidad33 King743,M,GENERAL PRACTICE,800 WASHINGTON ST,NORWOOD,MA,020623487,42.1886973,-71.2005241,16,0
e37cf37c-e11b-3028-b469-5fc88b4b97ad,b66db758-a205-3227-9cfb-bf19d2c1962d,Noreen211 Stroman228,F,GENERAL PRACTICE,121 HARVARD AVENUE  2ND FL,ALLSTON,MA,021342702,42.35241825,-71.13220132573996,2,0
a67d87e6-7aaf-35cf-a3a3-c320944a519d,0ddb0329-b59d-3187-874c-602c649249c8,Lynn917 Cassin499,F,GENERAL PRACTICE,115 W SILVER ST,WESTFIELD,MA,010853678,42.1178811,-72.75935246865802,24,0
420637bf-c10a-35d5-846c-bcb31e7914f9,02c936e2-3aee-38b2-88a4-81f3689b7bb7,Royce974 Kohler843,F,GENERAL PRACTICE,120 FISHER AVENUE,BOSTON,MA,021203320,42.3276141,-71.1051603,7,0
1f787ffd-f511-331d-af31-9f8b0ce20e8c,609ec9f1-e806-3427-b912-9e3b2915521d,Cherrie404 Conn188,F,GENERAL PRACTICE,575 BEECH STREET,HOLYOKE,MA,010406604,42.20105435,-72.628169560868,3,0
b39be1c5-e3c3-3937-a4ae-74cff779e4a2,bf556284-7513-3620-a10e-5393183a9a87,Rubén780 Amaya149,M,GENERAL PRACTICE,795 MIDDLE ST,FALL RIVER,MA,027211733,41.6924092,-71.16345107025307,31,0
44fc4333-44ca-324e-a595-ca56e284b378,9fd71acd-3535-353d-975f-ed7dbf5f9961,Yvette315 Herzog843,F,GENERAL PRACTICE,250 GREEN ST,GARDNER,MA,01440,42.586896550000006,-71.98672640006858,79,0
bfb1f770-35f2-34c9-b20f-801f942b28a9,e93b27a8-6507-3595-84a5-f899ce23a72d,Faustino767 Sanford861,M,GENERAL PRACTICE,70 EAST STREET,NORTH ANDOVER,MA,018456144,42.6839894,-71.1127065,19,0
d7c41a7a-3a70-3ed0-bd98-5626b266cb3e,365eae93-6352-3d48-9a8d-dc9fa4b917be,Lorean637 Kertzmann286,F,GENERAL PRACTICE,32 HOSPITAL HILL RD,GARDNER,MA,014402302,42.572366450000004,-71.97690789055164,2,0
2e08d88e-9401-3055-91e9-1969874bb7f0,2b84e56e-08b4-3078-b3ea-4d159208e065,Verda448 Bahringer146,F,GENERAL PRACTICE,1029 PLEASANT ST,BRIDGEWATER,MA,023242301,41.9718173,-71.00937893001648,15,0
628f555b-fab6-3e85-9b2b-888d5a125bd4,4ffa4412-1493-3beb-b8f0-6614dde953a4,Harland508 Ryan260,M,GENERAL PRACTICE,363 HIGHLAND AVENUE,WAREHAM,MA,025715011,41.745636,-70.658192,21,0
0664c15c-5977-36c3-8b3a-d7d86f2703ee,a14e698d-a9ba-3eae-9c8b-682ec726433d,Karla801 Cummerata161,F,GENERAL PRACTICE,776 WESTERN AVE,LYNN,MA,019052408,42.466763,-70.9494939,32,0
0d09c3cb-9a58-341d-9f25-d4ebadcbbe92,69eae27b-7445-3652-bd34-b535abe0b011,Sidney996 Schneider199,M,GENERAL PRACTICE,9 BICKNELL ST,QUINCY,MA,021696003,42.252227399999995,-70.96584679278924,17,0
b27e5192-2e50-3973-a75c-beb89701ee7b,dd9914b0-9491-3330-a890-d34e95e497ea,Assunta351 Haley279,F,GENERAL PRACTICE,1061 PLEASANT ST,NEW BEDFORD,MA,027406728,41.64280275,-70.92865004309593,29,0
a50ce3d8-a917-3436-ad0c-fe04d85cdddf,d4b9a3f0-210d-3e46-a2c7-e099658ac543,Ferdinand55 Moen819,M,GENERAL PRACTICE,7000 GREAT MEADOW ROAD,DEDHAM,MA,020264090,42.266408549999994,-71.19518435636284,3,0
c1b820b7-6c29-3b4b-8b74-cf32d5f93e4f,5ba6765a-f335-36b0-9c6a-6bb494c5330d,Sasha806 Schamberger479,F,GENERAL PRACTICE,31 OLD ROUTE 7,WESTWOOD,MA,020902333,42.2139873,-71.2244987,1,0
c66a7487-5d4d-380f-b427-8b06d1ded3a3,b6eeaaf7-1683-3bcb-b6ee-81ce304636ef,Ariane992 Pagac496,F,GENERAL PRACTICE,170 GOVERNORS AVE,MELROSE,MA,021763225,42.4564323,-71.064182,2,0
a42fa789-f5c4-32a8-939a-6f25ae5e3882,ed5fc1f7-0ecb-3973-a5fc-89f80c6f5c9f,Maxine796 Homenick806,F,GENERAL PRACTICE,303 C HAVERHILL STREET,ROWLEY,MA,019692101,42.704962,-70.90837,126,0
03523a19-be95-375a-9590-423370c6b0b8,12dc66ee-e2c7-3d5a-892e-157ff1d47f32,Felix524 Rogahn59,M,GENERAL PRACTICE,242 GREEN ST,WINCHENDON,MA,014751820,42.68061,-72.060691,81,0
7183c56a-f130-374c-ab1c-2b1b8c5f8178,d613e441-68e8-3502-8adb-3f770a1276bf,Emmaline88 Witting912,F,GENERAL PRACTICE,114 WATER ST,MILFORD,MA,017573007,42.13661855,-71.53474614336832,34,0
94204969-7e45-31ae-8ff9-34c75a0bda18,b03b624d-c939-3688-986d-9555b8009a3b,Trinity427 Hartmann983,F,GENERAL PRACTICE,230 MAPLE ST,HOLYOKE,MA,010405144,42.207406,-72.608419,37,0
a6117a3c-5b39-3f4d-bc51-dba10a5b8c5f,d3085315-9893-34c7-8889-3a31dc17c2b0,Zachery872 Rau926,M,GENERAL PRACTICE,1428 MAIN ST STE 7,WALPOLE,MA,020811729,42.1325911,-71.2618886,22,0
d3c04f27-6bbc-3839-b2ef-2428c209b630,469171e3-f6ec-3258-8e16-7038f6a439c0,Rodger755 Brakus656,M,GENERAL PRACTICE,COUNTRYSIDE DRIVE,MILFORD,MA,017571252,42.1413353,-71.5192019,7,0
c5c66d31-1ead-3617-9581-bbd09a3d677e,b3ada130-6443-3a8e-98c7-4ec127a2b0c4,Ned189 Haley279,M,GENERAL PRACTICE,ONE GREAT ROAD,ACTON,MA,017205601,42.4850931,-71.43284,2,0
96fb2bea-6ffd-30be-a848-10d99a830e79,acffdfa8-1383-3929-8c99-e73969491439,Iva908 O'Keefe54,F,GENERAL PRACTICE,1153 CENTRE ST,BOSTON,MA,021303446,42.3017598,-71.12855793387442,19,0
f42f1e1a-6dd6-3250-b031-5f89fc71d51c,1e11392b-1278-3e70-93cd-f396cbd0c265,Gerry91 Block661,F,GENERAL PRACTICE,115 LINCOLN ST,NATICK,MA,017607700,42.2843753,-71.3441395,146,0
d8d5b825-3d84-34d4-b808-2d727850a007,fe30f2b4-9bc8-346e-afba-4455d1766545,Wilson960 Turner526,M,GENERAL PRACTICE,17 LAFAYETTE AVENUE,CHELSEA,MA,021502010,42.40019115,-71.03050082480353,10,0
8406e2ac-0d19-364f-8b68-51d70d91cfc6,1c1f5e47-531c-368e-bbaa-f3e5cd8638a7,Jan231 Gusikowski974,F,GENERAL PRACTICE,290 CENTRE ST STE 203,NEWTON,MA,024581641,42.35826483333334,-71.18497150833333,11,0
e80a9449-15c9-33e4-976e-a7b818aba4f5,2fd34be1-9720-3dad-b8bd-815e173b92fb,Damon455 Orn563,M,GENERAL PRACTICE,87 HERRICK ST,BEVERLY,MA,019152773,42.56523335,-70.87472842494441,1,0
f9ae5c49-9cb0-3e04-acd6-61ce9b1a8218,0fedae9f-701f-3317-9b2f-69aea2202cdc,Willian804 Batz141,M,GENERAL PRACTICE,88 EAST NEWTON STREET,WINTHROP,MA,021522715,42.3750976,-70.982827,226,0
511a66a9-f5a7-3ac7-bc27-a03e11834254,0cc04ba5-137a-3ef8-acda-e79b25960b2a,Fallon874 Homenick806,F,GENERAL PRACTICE,25 ADAMS ROAD,WILLIAMSTOWN,MA,012672928,42.7009605,-73.18515951851253,18,0
cb24af70-f03e-3c6d-856e-b529d3ccd53d,733fc7d0-7cf3-3995-82ef-a9883b807273,Daryl568 Yundt842,M,GENERAL PRACTICE,175 FRANKLIN STREET,NORTH ADAMS,MA,012472712,42.70707,-73.10094536747326,9,0
b1b2d508-c0f0-3144-8bf5-e11d26358865,9ab139f5-d278-31b4-b44e-feffdea65613,Dexter530 White193,M,GENERAL PRACTICE,88 ROUTE 6A 101,SANDWICH,MA,025631866,41.764922,-70.502215,6,0
23ee4d9a-4e36-3313-bb64-2655cd803592,aade280a-3b90-3e48-9648-91109a964a63,Johna806 Klein929,F,GENERAL PRACTICE,909 SUMNER ST,DARTMOUTH,MA,027473826,41.6332267,-70.9879928,133,0
9728d6b3-4acf-30a1-a9e4-1f7250a85db7,7a3b8310-02eb-3c47-aa1b-3f55b3ed9de9,Leif534 Dare640,M,GENERAL PRACTICE,6 HATFIELD ST,NORTHAMPTON,MA,010602545,42.333172950000005,-72.6566355591273,1,0
23eb4aaf-09b9-32f3-920c-aa286deea8a7,0f9d1260-db33-3483-b2b6-5483cfcb739c,Felipe97 Lebsack687,M,GENERAL PRACTICE,361 WOODWARD ST,WABAN,MA,024682027,42.326011949999994,-71.2254251580706,56,0
dfe1a570-0932-302c-9de3-e8d4a87a7555,980d9bfa-a344-3bff-8c02-232dd0e8fd34,Pearlie554 Lakin515,F,GENERAL PRACTICE,100 TRADE CENTER SUITE G-700,WOBURN,MA,018011851,42.4792618,-71.1522766,20,0
0b3e2ba4-6aef-30d3-8980-a00bdffa9133,f480acd0-7ef1-350d-aae6-d8e7d53ace57,Carolina179 Contreras711,F,GENERAL PRACTICE,1193 SEA ST,QUINCY,MA,021693544,42.26883395,-70.95264075087945,43,0
970946a0-21f2-3fc5-a96e-7d3510060fd3,440fa4b8-c731-3cf5-81d9-aa3f30a37b95,Bennie663 Abbott774,M,GENERAL PRACTICE,41 & 45 MALL ROAD,PEABODY,MA,019602901,42.5278731,-70.9286609,253,0
2d875b94-58ac-37e5-91d8-e6cc1a45be7a,3b021cb6-4745-3d9d-8436-230055f770bd,Dusty207 Franecki195,M,GENERAL PRACTICE,148 CHESTNUT ST,NEEDHAM,MA,024943238,42.27728075,-71.23665362814043,99,0
6a6efdd9-2a9d-36b8-b8cd-389df00baa27,86880e58-8753-3c63-b057-33781df70528,Glenn0 Keeling57,F,GENERAL PRACTICE,49 SAMOSET AVE,HULL,MA,020452512,42.2810432,-70.8703157542509,51,0
c8815c8f-e287-3366-a618-13aae476959c,aaa7ebaf-b1a0-38c1-ba89-a16712cf431c,Buford910 Halvorson124,M,GENERAL PRACTICE,16 PLEASANT STREET,BRIDGEWATER,MA,023242420,41.98625885,-70.97978204646246,1,0
ba9c398d-112a-3b17-a226-048eda0220ee,ce53c877-0290-390a-b4b4-2462001a1713,Greg949 Hilll811,M,GENERAL PRACTICE,847 ROGERS STREET  SUITE 201,LOWELL,MA,018524345,42.6275246,-71.27673639687623,32,0
8b08d508-5ca7-3f7f-b1c2-a01d93b01793,b20a0fe1-53b3-33fc-8acb-bc9a2df64e57,Michaele314 Schoen8,F,GENERAL PRACTICE,3 PATTERSON ROAD  SUITE 3,SHIRLEY,MA,014642907,42.552462649999995,-71.62383665745185,27,0
988a3a98-972e-3ee1-b633-c803f92c4b5d,2befa435-3070-3350-a15c-e43ac1e84b24,Teressa589 Schuster709,F,GENERAL PRACTICE,575 BEECH STREET,HOLYOKE,MA,010406604,42.20105435,-72.628169560868,7,0
d5be0ade-df40-3e33-823b-43b0afd29e26,70a26106-6797-39f8-83e6-6bcf212b99ad,Christopher407 Mohr916,F,GENERAL PRACTICE,340 MAIN ST,WORCESTER,MA,016081601,42.53616075,-71.74831883675786,122,0
11185b03-b781-3079-b3f3-0151b3515be7,b8421363-9807-3b16-a146-95336eea5cfb,Cleveland582 Kuphal363,M,GENERAL PRACTICE,30 LOCUST ST,NORTHAMPTON,MA,010602052,42.33032115,-72.65330802608176,19,0
11aa118b-3ada-352f-b0cf-38e2317cd408,3498e7d3-90fd-366b-bc6a-6f41dad6bae6,Olympia319 Bradtke547,F,GENERAL PRACTICE,112 WEST MAIN STREET,NORTHBOROUGH,MA,015321824,42.318559050000005,-71.65097281611972,4,0
d8dafb2a-7648-385f-acdc-1490767a4085,68ea50ba-275f-3f6c-ad1f-0aefae7144eb,Carletta836 West559,F,GENERAL PRACTICE,25 ARMORY ST,WEST NEWTON,MA,024652110,42.3504314,-71.21988040449209,1,0
51daa47e-97c2-3fb7-a60d-b09b8d16c826,3076e02a-deac-3e81-96a9-1d32cbda6fca,Cecil300 Kilback373,M,GENERAL PRACTICE,59 EASTWOOD CIRCLE,GARDNER,MA,014403901,42.567006649999996,-71.97817904424542,10,0
4e4fdbeb-80a0-3819-bf02-099516400994,752c7570-1637-36cf-8b74-03ea3acfa98c,Hiram237 Moen819,M,GENERAL PRACTICE,12 LITTLEVILLE RD,HUNTINGTON,MA,010509761,42.257603957277915,-72.87133712317558,40,0
1a1ddf4f-0ff5-366d-a8b2-4b01eac8f835,901c2d40-1ca3-3879-9a20-c663b8adc0a9,Emory494 Schuster709,M,GENERAL PRACTICE,800 WASHINGTON STREET,STONEHAM,MA,021802445,42.4863168,-71.0928919,33,0
47ef7d5a-09a4-3a57-a366-72447826f537,6170552c-4d27-3e64-8068-64a380f1837d,Leo278 Pacocha935,M,GENERAL PRACTICE,76 SUMMER ST,HAVERHILL,MA,018305814,42.7786873,-71.07306505177553,155,0
a8cf407c-d5ae-30d7-94f4-350fd3fea030,b9e35b8a-9831-32d8-a6dc-d7a546c126b0,Venus149 Blick895,F,GENERAL PRACTICE,111 HUNTOON MEMORIAL HIGHWAY  1ST FLOOR,SPRINGFIELD,MA,011092550,42.1018764,-72.5886727,225,0
6dac284b-08b6-394d-bac9-1782a487c373,b1965e0b-9ef4-3e96-bad6-cb88ea7e7324,Lala778 Breitenberg711,F,GENERAL PRACTICE,1 HOSPITAL RD,OAK BLUFFS,MA,025571406,41.46063105,-70.57989080295974,37,0
5eedde57-41e4-30d4-9caa-c5f1f92d6ccc,1d87bbfa-19aa-3128-adca-420ff8d5a12a,Leanora120 Pacocha935,F,GENERAL PRACTICE,771 CHURCH ST,NORTH ADAMS,MA,012474109,42.680927100000005,-73.09950699822534,40,0
254cb08a-5ba3-3790-8fb8-2c516df5a9a9,5018c664-e283-30eb-932a-529d9a19b3b5,Alberto639 Monroy712,M,GENERAL PRACTICE,300 SOUTH ST,WOBURN,MA,018014979,42.473347,-71.144086,6,0
63dd0719-fb17-3ba5-8751-c815875d6fae,2e8b42f8-4300-30a9-a576-d513d1021a0a,Beverlee316 Haag279,F,GENERAL PRACTICE,600 CLARK RD,TEWKSBURY,MA,018761699,42.63120935,-71.27023603178071,129,0
b8c86e00-4807-358c-a6af-63a14094577b,0caa0116-ef9a-3d4c-bcff-9c405a9d2bda,Yasmin241 Emard19,F,GENERAL PRACTICE,105 CHESTNUT ST STE 35,PLYMOUTH,MA,023604054,41.884685,-70.847219,73,0
2af044dc-2fc5-32ae-9b5a-d0864379fee2,d140ed3f-2696-3e78-bd77-1c959ec4fc4d,Orpha286 Marks830,F,GENERAL PRACTICE,863 HATHAWAY ROAD,NEW BEDFORD,MA,027401916,41.6512968,-70.9669902070805,8,0
723032fd-49f3-339f-8bc3-5210f8dd8bc1,1cff30ba-b91f-3ea2-b80b-770d67856358,Annamae625 Halvorson124,F,GENERAL PRACTICE,359 JONES RD,FALMOUTH,MA,025403341,41.5591273,-70.60352436630029,30,0
19fb275d-71b3-3a27-b9ee-69ef83e3a69b,d4e48a16-0a60-3e90-81e5-c35b22ffe6af,Elmer371 Kutch271,F,GENERAL PRACTICE,856 STATE RD,NORTH ADAMS,MA,012473027,42.69967208677275,-73.16330754755236,13,0
62e5e360-f92e-38bd-87fc-3e9271b4dd7a,4ff8b164-4cf5-3ab4-b0f2-7ce8fda920e5,Theo630 Mante251,M,GENERAL PRACTICE,800 WASHINGTON ST,WORCESTER,MA,016550002,42.180483,-71.867782,13,0
98f286db-fadb-3197-bfae-8ac7ebffa672,6f95a7a4-3343-3d14-b8b5-35d1e3247551,Tarra676 Bailey598,F,GENERAL PRACTICE,254 BILLERICA RD,CHELMSFORD,MA,018244114,42.5969934,-71.3233653623669,1,0
d6d84fee-7dd6-35b2-be2e-d5831020f04b,8f22037a-070f-3fcf-8f39-fa879f0ae107,Ina660 Hermann103,F,GENERAL PRACTICE,567 DARTMOUTH ST,S DARTMOUTH,MA,027481826,41.61112,-70.93937914285715,1,0
f5d203ac-e33b-3641-8e75-b02cdf0b7d94,bccd7d67-203c-3d93-b6b0-bff5a146cd1d,Paulene52 Kihn564,F,GENERAL PRACTICE,286 WASHINGTON ST,STOUGHTON,MA,020721763,42.1384306,-71.1022598,1,0
78794401-4a42-3b9a-8b7d-c212df92310e,6e290541-eba3-37fc-a3e2-e58f77e84c7e,Gregory545 Toy286,M,GENERAL PRACTICE,15 LENOX ST.,SPRINGFIELD,MA,011083122,42.085779,-72.55846414285715,34,0
e3099076-0fcc-3853-ad57-6e3c6f1de6e7,a2a41caf-758f-3962-8e5f-e6e603f93d17,Rhett759 Padberg411,M,GENERAL PRACTICE,111 HUNTOON MEMORIAL HWY,ROCHDALE,MA,015421305,42.2020225,-71.89891616754682,242,0
9fc3ef25-3fe5-3056-ba3a-fa74512a3395,0d24cc89-3256-330c-b36d-d8de8babef84,Will178 Bernhard322,M,GENERAL PRACTICE,1030 FALMOUTH RD,SOUTH YARMOUTH,MA,026641218,41.6667779,-70.1847414,25,0
d3c5c51e-709b-3132-8471-5ed9617b5a02,8ae6a210-708f-3b23-b7d3-ac7948abd2b0,Alden634 Dare640,M,GENERAL PRACTICE,631 LINCOLN ST,WORCESTER,MA,016052010,42.2975664,-71.76536802164628,34,0
75bf1397-b8e3-3189-8a64-d6c5846afafe,db28cc9a-fdfb-35a6-aef7-ab9b933ef244,Judy192 Gleason633,F,GENERAL PRACTICE,8 DANA STREET,CAMBRIDGE,MA,021385402,42.3694992,-71.11011030010101,7,0
0134cf7f-bea0-3ba2-9e02-2ff1e360fb19,844a8cb2-4164-35b2-88b8-dffa2889a738,Shemeka786 Conn188,F,GENERAL PRACTICE,150 UNIVERSITY DRIVE,AMHERST,MA,010022232,42.368937,-72.53247107203978,1,0
a1537dfd-f8c0-35d8-9fac-e0b64e9de271,a6fb79e7-4abb-3a68-b62d-e501427fdca4,Barb55 Renner328,F,GENERAL PRACTICE,489 WASHINGTON ST STE 202,AUBURN,MA,015015709,42.187836,-71.83104,58,0
0e10aea5-2713-3104-b559-12253a433250,5117bb89-3a9f-3740-a0f1-c3a1a8d7851e,Cecily421 Predovic534,F,GENERAL PRACTICE,20 ELM ST,PITTSFIELD,MA,012016502,42.4458896,-73.2448206979669,28,0
a1d3ebab-3c2a-3b8e-b828-099fcfba53d5,9d0e702d-50a0-3f4c-9126-0951d560fd4b,Hellen346 Roberts511,F,GENERAL PRACTICE,189 MAY ST,WORCESTER,MA,016024339,42.25986305,-71.83597786023279,205,0
d26b5ab4-c60e-330a-808c-94d597f72d0e,d9fe2c9c-135e-3da3-8de8-1a0ff165d886,Bettina657 Marquardt819,F,GENERAL PRACTICE,1430 MAIN ST,WORCESTER,MA,016091121,42.2492003,-71.92931780325071,57,0
60c99488-faca-36de-bbc6-8b59d9e6c6f4,50c47685-8125-3c50-8311-8bd7ba9e9108,Kirby843 McKenzie376,M,GENERAL PRACTICE,4199 WASHINGTON ST,ROSLINDALE,MA,021311733,42.2871447,-71.1277526,10,0
1f27b7ed-4f92-364c-8db5-ffe7205fd0b2,87f3b181-1c52-3161-a15a-ea2d9a04b35f,Matha641 Gerhold939,F,GENERAL PRACTICE,565 TURNPIKE ST STE 71,NORTH ANDOVER,MA,018455936,42.664934200000005,-71.11635234067887,19,0
88363cc0-0f3b-390c-a19f-845e0ee91ada,eee00932-ca82-36bc-b7e8-e3fff6dbaeaa,Cira533 Hane680,F,GENERAL PRACTICE,450 BROOKLINE AVE,WEYMOUTH,MA,021893141,42.2212188,-70.9391625,359,0
e4a96143-27b6-3697-a640-eaa240ffc508,fe008000-0642-354b-9986-7396b3574f40,Ulysses632 Price929,M,GENERAL PRACTICE,44 SOUTH ST,ROCKPORT,MA,019661800,42.653407900000005,-70.60498112267823,1,0
1bd83b88-b89c-3bb2-9d89-d70d576d0566,f8918a95-31e8-3ac4-8d12-29ca6080ebda,Domitila545 Vandervort697,F,GENERAL PRACTICE,199 REEDSDALE RD,MILTON,MA,021863926,42.251368299999996,-71.0768393856917,104,0
5ec0077e-e535-38f7-8a7f-d625487be3db,8d5880eb-1dd8-31ea-b7c5-21709f3bb341,Jared66 Satterfield305,M,GENERAL PRACTICE,50 ROWE ST,MELROSE,MA,021763201,42.4592093,-71.06078096379728,11,0
a1dc9def-6a73-334a-b61e-4f9b4ea79e1f,fd650ebc-a642-3818-b073-692473cd31f1,Larisa542 Kris249,F,GENERAL PRACTICE,900 CUMMING CENTER,BEVERLY,MA,019156181,42.5584284,-70.8800491,45,0
6f5fd833-ba3e-3c24-b347-0608e468314c,3ff0f58b-7a1f-3334-9449-ff15f68b7d86,Winston220 McCullough561,M,GENERAL PRACTICE,275 SANDWICH ST,PLYMOUTH,MA,023607761,41.94186605,-70.6455366462985,22,0
5eb61360-1871-3d02-9a0f-47974d62b26f,70e3ad4f-b9ff-3f3e-9990-2cd7e23a9d1c,Zane918 Bosco882,M,GENERAL PRACTICE,1238 RIVERDALE ST,WEST SPRINGFIELD,MA,010894675,42.1373438,-72.62624707492338,16,0
43afd6cc-e5c4-3fd9-81d1-dc54e0b97ecd,80458ace-5754-39b0-807a-1a5b119cb5bb,Wilbert25 Nolan344,M,GENERAL PRACTICE,11 PONTIAC AVE,WEBSTER,MA,015701629,42.06282535,-71.87016198711046,1,0
d9c2aad8-e798-3d31-992e-f37e5981ba70,dd280187-8662-3732-af81-595d10572911,Clifton91 Lakin515,M,GENERAL PRACTICE,4499 ACUSHNET AVE,NEW BEDFORD,MA,027454707,41.74026055,-70.9450945705336,272,0
cdaa2f9c-d7fd-3d28-9007-435327d3fd44,a6964d47-8af0-3df2-b99d-d8414eb1cfa3,Adrienne302 Schiller186,F,GENERAL PRACTICE,200 MAY ST,SOUTH ATTLEBORO,MA,027035520,41.924394750000005,-71.36076410900014,323,0
800a3802-9816-3dbc-9e9c-c43a3826e67b,dae3ee01-f383-366e-9ad6-dc92963064ea,Orville751 Will178,M,GENERAL PRACTICE,1233 MAIN ST,HOLYOKE,MA,010405381,42.16578055,-72.63389634691956,218,0
0c166952-e666-38ba-88ac-b24c467909a7,6d947ed4-9b7f-3720-8141-67109691d2e7,Kim439 Eichmann909,M,GENERAL PRACTICE,73 Eagle Street,Pittsfield,MA,01201,42.451427,-73.25195,72,0
58adbebd-896f-3d90-8e52-6d7a548e8d63,679a8e99-0f35-3eec-94ed-d8341e9fe33c,Maricruz991 Hahn503,F,GENERAL PRACTICE,140 WEBB STREET,WEYMOUTH,MA,021882736,42.22281125,-70.96226691624932,3,0
2d3023ad-ac7d-35b2-aa62-0e135acdb341,63b4f233-fb49-3b1e-a17c-2d572367b131,Jerry654 Baumbach677,M,GENERAL PRACTICE,2222 CENTRE STREET,WEST ROXBURY,MA,021324034,42.27370345,-71.15856364656862,8,0
b9c1a13a-13ba-3440-b7c5-8ed4fdef19a0,9d989fcf-4ad9-3972-ada3-f275d967781e,Cristi782 Miller503,F,GENERAL PRACTICE,100 TER HEUN DR,SANDWICH,MA,025632377,41.7579043,-70.4968152,287,0
27817d79-a53e-3627-ae4a-87df1fedbc90,542185c1-943a-30f4-aba0-0efaa92488a4,Luetta803 Rau926,F,GENERAL PRACTICE,142 LAKE ST,ARLINGTON,MA,024764738,42.40328885,-71.15140830652837,85,0
3458bc14-bd29-3804-80c6-60452703fff1,9f2f60a6-87a4-3f45-b753-b63b5b7e9993,Raul814 Considine820,M,GENERAL PRACTICE,332 HANOVER STREET,BOSTON,MA,021131901,42.3647421,-71.0536619,72,0
45a720da-2eba-3a54-a5d2-4b8e51f7d89b,44cb1162-a345-3477-8723-c202a3c8cdcd,Shaquita282 Graham902,F,GENERAL PRACTICE,73 W MAIN ST,HOPKINTON,MA,017481619,42.21799145,-71.54005509979045,35,0
2b7c0020-da8f-33ea-99b7-4ffd1cbec52c,c5306a86-09a1-32d9-875a-67ef56e131c0,Earnest658 Gutkowski940,M,GENERAL PRACTICE,242 SUTTON ST,NORTH ANDOVER,MA,018451631,42.70773345,-71.1300651,40,0
12b2f081-fbc4-3011-9153-5ed3d4ece40e,f312977e-8f41-3816-84cc-e5b12ba36955,Harlan808 Langosh790,M,GENERAL PRACTICE,1153 CENTRE ST,JAMAICA PLAIN,MA,021303446,42.3017598,-71.12855793387442,104,0
a212a183-8635-3ee9-96c3-365ebcb5e4c8,5c896155-eb9a-383e-9162-a43ebb7f1cc5,Nannie905 Mayert710,F,GENERAL PRACTICE,400 LINDEN PONDS WAY,HINGHAM,MA,020433784,42.1972249,-70.91712645007524,18,0
1c34ee1f-08ab-381c-b3af-38733f48fd72,a730c5e6-a15f-3e36-8112-8579e507d330,Drew592 Ankunding277,M,GENERAL PRACTICE,28 LORD RD,MARLBOROUGH,MA,017524549,42.34718040987546,-71.57283065352654,54,0
cc532ed7-5592-3ab7-b96d-fc3aa3e11129,bebc1dac-6c42-3225-b0ba-23278cdf2a62,Antonia30 Hackett68,M,GENERAL PRACTICE,464 MAIN STREET,AGAWAM,MA,010011826,42.07695165,-72.62026217030348,6,0
ab3777d9-277e-3e53-b2e5-217717ef1464,c7d9c6bb-b58e-3837-a78b-05ea645e65c8,Margy712 Larkin917,F,GENERAL PRACTICE,30 RIVERSIDE DR STE 203,LAKEVILLE,MA,023471482,41.8753235,-70.92035705583234,27,0
96a904e1-2cf3-3185-ad41-5bb12ef0eedf,82248deb-13cc-31b2-8764-0233e159a93a,Lan153 Kemmer137,F,GENERAL PRACTICE,19 DEPOT STREET,ADAMS,MA,012201856,42.623644600000006,-73.11852130252683,170,0
ea80bd07-64d9-3eb1-b16b-46475d6c411e,ce4d0501-49eb-396a-bc56-545fdfc624b0,Mauricio81 Daniel959,M,GENERAL PRACTICE,1 HOSPITAL RD,OAK BLUFFS,MA,025571406,41.46063105,-70.57989080295974,331,0
7bf7dfbe-7345-34e2-9bd9-cc77ab92537f,ee7fab6f-6438-394f-b1f2-3e452f8f055a,Soledad678 Calderón210,F,GENERAL PRACTICE,75 BRIMBAL AVENUE,BEVERLY,MA,019156009,42.570099299999995,-70.87108224250409,28,0
55d6a724-861c-3ca2-8660-d38065add5f2,922d1031-d968-39c2-b73c-d5a495c39068,Carlena776 Steuber698,F,GENERAL PRACTICE,350 LINCOLN ST STE 1102,HINGHAM,MA,020432801,42.248735,-70.9209846,48,0
92c3e12d-abc3-372a-ae59-b40008b7bc27,880fad59-9c38-3a21-a39f-ccc801502ab3,Gloria696 Guardado953,F,GENERAL PRACTICE,799 CONCORD AVENUE,CAMBRIDGE,MA,021381048,42.390849395521705,-71.1556550001627,115,0
05f98552-4506-3379-8ff3-a0b1f70b3dd3,5b142cbe-a07c-3f6e-9780-a563644f66e2,Somer38 Wisozk929,F,GENERAL PRACTICE,73 Huttleton Ave.  Unit 2,Fairhaven,MA,02719,41.6318,-70.8801,68,0
3746ae42-f578-3e2d-9848-de635fcb4aff,a2d45ee8-b930-3169-b612-f602961ad212,Valentine262 Leannon79,M,GENERAL PRACTICE,37 MINUTEMAN WAY,SHREWSBURY,MA,015452229,42.288207,-71.73443816915585,47,0
1488445e-0574-3fe0-8652-255ce38fbfef,0fa1cab9-83c1-3c85-b7bc-53d8b922e2f7,Annita733 Frami345,F,GENERAL PRACTICE,115 LINCOLN STREET,WORCESTER,MA,016081216,42.2768165,-71.795274,95,0
ed08a1a9-ae9a-36c9-bee8-45e92d5d3e51,4fa643ae-1f58-3c2e-9f33-0ba56345ad10,Trevor374 Williamson769,M,GENERAL PRACTICE,361 MAIN ST,WAREHAM,MA,025712153,41.761384899999996,-70.71911431737183,55,0
25b0ad8e-a3ef-3502-8ce4-d82e70cc24f6,fa34d205-5ac2-3ba2-80a4-bef345dc57f5,Lamar193 Daniel959,M,GENERAL PRACTICE,37 BROADWAY,ARLINGTON,MA,024745552,42.408086,-71.135914,1,0
f6c92fda-ba26-3ab7-8d73-3c6ffe1c5467,a73a3693-57ac-367e-b29e-f0f834cbaf66,Drew592 Simonis280,M,GENERAL PRACTICE,10 CORDAGE PARK CIR,PLYMOUTH,MA,023607318,41.9788991,-70.6879608,29,0
cfa6301b-e0b4-38c5-8d1b-e7d46cdd66b3,d0894f6b-78d7-338d-82ad-b63de4d40014,Lynsey2 Lemke654,F,GENERAL PRACTICE,330 MOUNT AUBURN STREET,WALTHAM,MA,02452,42.3756401,-71.2358004,47,0
555d92e6-2819-3434-bfbb-9de5b479fcb0,02661a4d-56da-3bfb-8ca0-0ecc77ba9fa6,Jacki842 Koepp521,F,GENERAL PRACTICE,30 CAPITAL DR STE A,WEST SPRINGFIELD,MA,010891359,42.13809525,-72.62351832623938,1,0
2900d8a4-691c-38ad-931d-efeca9b18d3d,f43f97f2-af04-3ed0-a42e-3681718cc9b2,Dorcas534 Quigley282,F,GENERAL PRACTICE,725 NORTH ST,PITTSFIELD,MA,012014109,42.4600752,-73.2492795834909,248,0
61cd392f-7798-38cb-b23b-81271cd1c7ce,fd5342f0-10c0-3f48-9c7e-7100a64db139,Robby860 Abshire638,M,GENERAL PRACTICE,30 PRINCETON BOULEVARD,LOWELL,MA,018512405,42.6353691,-71.3322833,5,0
00414218-1c39-36ea-b7fa-b214c48c3f68,7ac466c6-7968-33fd-882c-6d5418f88c8a,Alvin56 Hayes766,M,GENERAL PRACTICE,2 MEETING HOUSE RD,CHELMSFORD,MA,018242700,42.60140085,-71.35097894451894,57,0
007aa059-21ac-32b3-a5eb-514b4c2e7f2f,2f67494e-f17e-3248-ba68-3ca42913cca1,Brock407 Bergstrom287,M,GENERAL PRACTICE,184 MAIN STREET,FAIRHAVEN,MA,027193259,41.646106,-70.90865208079187,4,0
d9cde6fc-39b5-3835-b6be-16de771e640b,88975fd9-b47e-3af6-af78-c58e1ecf0d5e,Azzie965 Feil794,F,GENERAL PRACTICE,115 W SILVER ST,WESTFIELD,MA,010853628,42.1178811,-72.75935246865802,5,0
c73f865e-f79f-353f-b858-41dafb88b4d2,eb7b9a53-ce15-3de6-85b9-4aa4e3f26bac,Carli641 Witting912,F,GENERAL PRACTICE,194 BOARDMAN ST,HAVERHILL,MA,018306405,42.77171213955692,-71.05879730251671,1,0
8b1683e1-75e4-3762-bfdb-1f6ce429bb2b,fd938c9f-a355-3ec7-96f8-516240ea1ba2,Kandi717 Beahan375,F,GENERAL PRACTICE,529 MAIN ST STE 126,PLYMOUTH,MA,023604842,41.7664657,-70.7266525,1,0
31130946-3215-3891-a600-ff8da4ae1898,069b90f9-309b-35e4-b990-d1dbacb962cc,Leo278 Strosin214,F,GENERAL PRACTICE,36 LOWER WESTFIELD ROAD,HOLYOKE,MA,010402749,42.16975305,-72.63488031242107,18,0
c7a03fb9-b838-394f-9346-6b86064216ce,e5ce3b83-f5e6-308d-aa64-82539fc2d906,Garret233 Dach178,M,GENERAL PRACTICE,1842 BEACON ST,BROOKLINE,MA,024451922,42.33728028715071,-71.14536064081996,2,0
ea27fcaf-d284-304d-a6c3-3a8b3df00dde,f438b8e0-d856-328a-b193-2b014fc4cb97,Miguel815 Ontiveros947,M,GENERAL PRACTICE,981 VARNUM AVENUE,LOWELL,MA,018541913,42.64591185,-71.36487149058269,4,0
1abf0604-58ae-35c1-88c4-1b75ccb5aede,a2047ff6-62f2-34d7-beb9-7e164d989c75,Frederic454 Larkin917,M,GENERAL PRACTICE,1200 CENTRE STREET,ROSLINDALE,MA,021311011,42.29768,-71.130463,6,0
c20577dc-5c6d-33d6-b839-93a4c6544b91,dfcd78f1-f67e-321d-84e3-f658c482c474,Susana117 Miramontes145,F,GENERAL PRACTICE,64 WOODLANDS WAY,BREWSTER,MA,026312550,41.737807,-70.0036669,63,0
6a8b467a-06ac-38a7-8b21-f185ad66c15d,a855314b-4fb5-37fc-8015-5caa96c928b1,Erica194 Kiehn525,F,GENERAL PRACTICE,759 CHESTNUT ST,SPRINGFIELD,MA,011991001,42.121522049999996,-72.60300615153007,75,0
141dae65-d83d-3a26-8183-a874a1086f34,bea92616-0fee-39b9-9a23-42c6fd899f35,Guillermo498 Salinas3,M,GENERAL PRACTICE,10 ERLIN TERRACE,TEWKSBURY,MA,018762666,42.61292480142526,-71.24215126690858,1,0
f52a4caa-9ef6-3b89-85c6-c0a92104cdde,7b7ce654-a413-37d1-9d34-97240c0ac580,Landon622 Kihn564,M,GENERAL PRACTICE,1 WRENTHAM ST,BELLINGHAM,MA,020192532,42.025037350000005,-71.48945118224057,4,0
7517f4a7-4cee-3117-a9f0-77f3df92229d,548e7abd-14d4-3c28-aa82-790240af9e02,Catherina275 Schulist381,F,GENERAL PRACTICE,1 BATHOL ST,WAKEFIELD,MA,018803655,42.474535700000004,-71.07390865583827,1,0
08e97a8d-42ee-3820-8e1b-c3a9807f3af8,7b20d1c4-c56b-3647-801c-5e4e13679073,Riley817 Prohaska837,M,GENERAL PRACTICE,275 SANDWICH ST,PLYMOUTH,MA,023602183,41.94186605,-70.6455366462985,98,0
acc1d0a8-ae1d-3240-be43-99d01ed70569,df852cb2-9fe0-3c90-87ac-46e5f980ee3b,Columbus656 Koch169,M,GENERAL PRACTICE,3 PATTERSON ROAD  SUITE 3,SHIRLEY,MA,014642907,42.552462649999995,-71.62383665745185,21,0
9b7c61d0-67e5-3e86-8264-b5b665afae2e,281525ef-5743-34a8-9339-66c8b4be6668,Dane516 Crona259,M,GENERAL PRACTICE,555 PLANTATION STREET,WORCESTER,MA,016052376,42.2907683,-71.7649752,4,0
d1e39195-f46a-3aac-9bb4-846b5b61d13d,2399f9b0-28d7-3355-ae52-474326a3b021,Viki353 Boehm581,F,GENERAL PRACTICE,23 N ASHLAND ST,WORCESTER,MA,016093041,42.26901755,-71.80739730766234,36,0
b8ff2cdf-fa91-3dd4-9edd-a3158605cc2a,3e97ce4f-3ad7-3cea-883f-e2bb4ca89d83,Marisol435 Cedillo160,F,GENERAL PRACTICE,30 NEW CROSSING RD,READING,MA,018673270,42.51809619399502,-71.0959083715027,1,0
72867ca3-4179-3161-be87-b9a86cd799e3,e982819a-87b3-3124-a0f2-85f8afcc7731,Alfred550 Goldner995,M,GENERAL PRACTICE,140 COMMONWEALTH AVE STE 202,DANVERS,MA,019233625,42.5524742,-70.94443165548033,46,0
9ebcd9a6-2654-3bae-98a8-3cf36e868810,c60fc3df-9dbd-3f31-a456-41c84490266f,Lavonna163 Johnson679,F,GENERAL PRACTICE,146 MAC ARTHUR BOULEVARD,BOURNE,MA,025323902,41.7412166,-70.5989196,5,0
186fd9cf-7704-3281-811a-b87e4806150b,d5920b72-ac1a-3ec4-81ca-e3b75cb7aadd,Miguel815 Curiel392,M,GENERAL PRACTICE,251 Causeway St.,Boston,MA,02114,42.3665,-71.05931,27,0
f3ed7501-9481-39c7-b2f3-24203d21fc2b,71d9e7fe-5a34-3f11-8edb-f79c482785fe,Liane379 Kunze215,F,GENERAL PRACTICE,42 CAPE RD,MILFORD,MA,017573292,42.1274477,-71.5195252,14,0
6bca50ef-5a7f-3ef6-9394-6b7d12b0401d,4f59f709-8b84-3d27-a04b-c6b7b5544413,Jamison785 Davis923,M,GENERAL PRACTICE,70 BOLTWOOD WALK,AMHERST,MA,010022271,42.3768779,-72.51840280783739,18,0
9a20dc28-8c60-3473-a770-60fe6bd06517,36d328a2-68bb-3967-a9bf-00897a7c945f,Lynn917 Rodriguez71,M,GENERAL PRACTICE,299 WAREHAM STREET,MIDDLEBORO,MA,023462905,41.869676,-70.873384,11,0
99135648-5872-39bb-9cd9-a1329756fdeb,552ede7f-2ba4-39ef-9217-29d27b89b8a7,Gordon377 Reichert620,M,GENERAL PRACTICE,87 SHATTUCK STREET,HAVERHILL,MA,018302319,42.796917699999995,-71.05216081525802,5,0
36c81194-c352-36d2-a82e-c4ca66ac2299,666c3e81-2ec6-3bff-9dcc-a704edd86960,Ivan258 McClure239,M,GENERAL PRACTICE,770 CONVERSE STREET,LONGMEADOW,MA,011061719,42.0639853,-72.5521444,2,0
c2d5db54-e682-3c52-821f-0f26e2fd6f4d,680532c8-2661-3b39-875a-b6ec0746ccf5,Buford910 Dach178,M,GENERAL PRACTICE,30 ATHOL ST,ALLSTON,MA,021341124,42.36075595,-71.13397379082869,47,0
7f5da1a6-258c-344c-a951-7ea38c408505,cc400ddc-c38d-3604-8d89-cea21555719f,Irene779 Kirlin939,F,GENERAL PRACTICE,87 CHESTNUT ST,NATICK,MA,017603644,42.293559188306446,-71.35158050924959,33,0
bcdbc44e-b921-3005-8d59-fb4343d92843,51370692-6296-3150-8672-559fc73f964f,Jeromy156 Okuneva707,M,GENERAL PRACTICE,75 FRANCIS ST,WEST BRIDGEWATER,MA,023791542,42.0219112,-71.019004,9,0
58c0b69f-6eaf-3cec-abb4-b04cb553c383,cdc87240-38e9-36f8-959b-706642e01e11,Chun678 Armstrong51,F,GENERAL PRACTICE,243 CHARLES ST,STONEHAM,MA,021803559,42.4814675,-71.0924311,15,0
b1f28532-fa40-31a7-8e2c-95ca9e45122b,b5b380d2-df21-3389-abf0-08551c7e1f2d,Ricardo560 Lara964,M,GENERAL PRACTICE,85 PATTON RD,DEVENS,MA,014344401,42.5304204,-71.61505519305638,273,0
e7c9fd33-0f5a-339b-a024-dd25a7476b81,06376cbe-4880-384b-b459-7ce3eef36ced,Lynwood354 Ratke343,M,GENERAL PRACTICE,387 QUARRY ST,FALL RIVER,MA,027231026,41.6932713,-71.1402431739568,29,0
6ee04e70-e673-3345-9903-cdff527726a6,b6717471-7f78-32c4-b1c5-e3a6310553d7,Tilda804 Roob72,F,GENERAL PRACTICE,15 RAILROAD AVE,TOPSFIELD,MA,01983,42.6375935,-70.9494966,31,0
34be59e9-d2cb-3e81-a9cd-92560be2396d,2836d9ac-c6a6-39d1-8f13-fdf0fc8928f4,Alysha630 Koch169,F,GENERAL PRACTICE,365 EAST ST,TEWKSBURY,MA,018761950,42.6069472,-71.2180803,501,0
99bbb3fd-ae81-33ff-8370-86307c37eec7,a2f8d8fe-665e-390f-8b9b-efdc0b14a77c,Pearlene638 Towne435,F,GENERAL PRACTICE,161 JACKSON ST,LOWELL,MA,018522103,42.6425382,-71.3093946,2,0
5e3852df-2367-3614-b7c2-e179f43c87eb,7dddc0c2-9f1d-3e4e-b2f2-fc7e6abbed31,Bryan958 Gibson10,M,GENERAL PRACTICE,160 MERRIMACK STREET  SUITE 1,METHUEN,MA,018446117,42.7334079,-71.13599310716302,4,0
69f66836-e367-339a-9de4-0b7dbca94fb0,a977feef-f585-3fa8-8deb-7e60fc2cab30,Keneth579 Schulist381,M,GENERAL PRACTICE,2314 MAIN STREET,TEWKSBURY,MA,018763128,42.58023655,-71.19367180835906,9,0
25ffd533-d80e-3b2e-8009-a9e360491360,22b57e3f-4143-33e6-abb9-e6ff074f1c46,Deangelo7 Hintz995,M,GENERAL PRACTICE,750 WOBURN STREET,WILMINGTON,MA,018873480,42.5346051,-71.14953004087923,4,0
93ed52a6-903c-3937-8e88-e463fe53dad9,1de7e7d9-9a7a-3a3f-bf4c-b4de450711f2,Vince741 Morissette863,M,GENERAL PRACTICE,198 LITTLETON RD,WESTFORD,MA,018863429,42.564282,-71.42620615382347,1,0
6414f7b3-d43c-3fb0-91c0-24731d31f135,68503514-203a-3202-ac09-ea411c96caec,Mellissa304 Kovacek682,F,GENERAL PRACTICE,309 TEATICKET HWY,TEATICKET,MA,025365625,41.568302200000005,-70.59404025373951,55,0
5bdfed88-78fa-34bf-8149-e0bf5c923907,f52777bd-7313-3b27-8dd5-cd3f87bd3275,Shane235 Torphy630,M,GENERAL PRACTICE,9 HOPE AVE,WESTWOOD,MA,020902914,42.2139873,-71.2244987,34,0
5a761056-cbab-3a96-97e9-4e42b904b7ba,4705a8fd-19cd-32c1-8b3e-34bcfe84d0bd,Jimmie93 Mayert710,M,GENERAL PRACTICE,55 N WASHINGTON ST,NORTH ATTLEBORO,MA,027601607,41.983529,-71.332241,84,0
11edd926-9d69-3ca2-bc24-0cb36ae08ddf,497f39dd-280e-3d58-af5b-c5e3a3a09b10,Arden380 Bergstrom287,M,GENERAL PRACTICE,27 PARK ST,HYANNIS,MA,026015230,41.65363635,-70.27352219234834,943,0
fc313a24-bedf-3eb9-9c48-c5de8e5465f1,eaaf102d-0188-3a69-a751-030645e2a7b0,Errol226 Kiehn525,M,GENERAL PRACTICE,605 MAIN STREET,WAREHAM,MA,025711031,41.76766153042966,-70.73096212925822,5,0
44639a53-c903-32e2-afa3-bd795b8a7891,a525d084-5a8f-3859-a048-2130a4092ec8,Linette249 Runte676,F,GENERAL PRACTICE,2 MOUNT ROYAL AVENUE  SUITE 350,MARLBOROUGH,MA,017521976,42.34042135,-71.57841367654626,3,0
8f8fecc0-5df1-37d6-83bc-63101dfa310c,accb8cdd-6560-3fef-b0a6-f12c3295026a,Gerardo48 Bergstrom287,M,GENERAL PRACTICE,969 PARK STREET,ATTLEBORO,MA,027035115,41.9266899,-71.2611303145582,13,0
15258f84-4a2e-32cf-93af-520f49348262,390a2aa4-70b4-3a64-a12f-9bd777834c8d,Hunter736 Howe413,M,GENERAL PRACTICE,710 MAIN STREET,HARWICH PORT,MA,026461931,41.669654699920855,-70.06169919459835,6,0
20dd1371-5108-31e1-a27f-4f9bbd975a08,18a96051-91f4-3cba-af96-056ea14dfee0,Gaston250 Grimes165,M,GENERAL PRACTICE,25 HIGHLAND AVENUE,NEWBURYPORT,MA,019503872,42.81369325,-70.89091645747592,78,0
86b9adea-d184-331d-a401-2dbb2e3f68a5,c2e93fb4-abf2-3210-b6ec-4d1ecb2b76f0,Francene766 Halvorson124,F,GENERAL PRACTICE,62 BROWN ST,HAVERHILL,MA,01830,42.76512700000001,-71.04617174286321,56,0
3f3258b4-3c4c-3b41-ba02-4b8ebd7558dc,1ab2b5f9-cb95-3236-beec-9b9d4a407c61,Carroll471 Eichmann909,M,GENERAL PRACTICE,725 NORTH ST,PITTSFIELD,MA,012014109,42.4600752,-73.2492795834909,237,0
d56a8d54-6549-390d-b831-15b11d3e7914,07ae483b-b351-3add-8b05-afba832b88ea,Lanette41 Murray856,F,GENERAL PRACTICE,5 REDLANDS ROAD,WEST ROXBURY,MA,021321506,42.2879347,-71.15108161583282,1,0
7272b1ce-0b10-3213-a581-2a270500a087,41e2a44c-477c-3511-96f9-12c476aa3b6a,Latoyia537 Lindgren255,F,GENERAL PRACTICE,85 E NEWTON ST,BOSTON,MA,021183553,42.336277100000004,-71.07085295687423,313,0
9f54b4b8-be8d-33c4-8eff-40f9c694219c,97a14f8a-1b8c-3b40-b5bd-f44f1440c1ba,Vincent299 Bergnaum523,M,GENERAL PRACTICE,23 WHITES PATH,W YARMOUTH,MA,026733200,41.6501114,-70.2411312,47,0
f2fe2475-71c4-38fc-b1d2-a83db214cf6b,71a1e089-024e-3255-a536-9204586fa4fc,Allyson474 Doyle959,F,GENERAL PRACTICE,1 GORHAM IS,WEST YARMOUTH,MA,026733200,41.6501114,-70.2411312,4,0
e779ba05-6e82-3320-918b-c50464d53a5b,5b0cd0a0-f277-3a66-bee6-d64b5be4a3f5,Waldo53 Hintz995,M,GENERAL PRACTICE,725 NORTH ST,PITTSFIELD,MA,012015493,42.4600752,-73.2492795834909,60,0
fce4e8f4-8b0f-375d-8e9b-64d549363763,363631be-d437-3548-98c2-d10b909c1721,Elaina826 Ferry570,F,GENERAL PRACTICE,50 MANSION DRIVE,ROWLEY,MA,019691026,42.73718535100735,-70.88053187301136,30,0
8b187ef1-2710-3cb7-8e14-2e048e8bedf4,ad2dab07-4f85-3950-baaa-7c7cd2aa770c,Federico589 Kuhic920,M,GENERAL PRACTICE,55 LAKE AVENUE NORTH,WORCESTER,MA,016550002,42.2774799,-71.76166994969458,189,0
67b64007-b88e-3034-89cb-9c7535b8d0a0,514c9360-e5ed-3ba7-ba3c-15b249c097d0,Sid118 Wilkinson796,M,GENERAL PRACTICE,272 WASHINGTON ST,GLOUCESTER,MA,019304818,42.624039100000005,-70.67854005962928,2,0
9bf3952c-12fb-3712-84e4-28478b855e6d,0d9b0d22-585e-3fd8-ab02-26b5be7915d1,Jean712 Koelpin146,F,GENERAL PRACTICE,516 CAREW ST,SPRINGFIELD,MA,011042330,42.12133575,-72.59217953646302,19,0
c7a03b35-0c1c-3423-819a-10e5e2ad4f2b,1853aeef-5897-326a-80d6-aa4b0459eb6d,Kendra609 Kassulke119,F,GENERAL PRACTICE,381 WICKENDEN ST,ATTLEBORO,MA,027032247,41.9438129,-71.2806515,2,0
c5e788d4-3ca7-3a64-8c6a-49d0b1e6eafc,4b7e26e6-e5b1-38c9-b4ac-fde9a0f93177,Maggie320 Eichmann909,F,GENERAL PRACTICE,38 BROAD STREET,QUINCY,MA,021694604,42.2560352,-70.99469254391217,4,0
782203ef-d0a4-314f-832d-bb3f7d9a703b,94dda4e1-7476-367a-b1f8-37ea7f61a1b7,Chanell45 Robel940,F,GENERAL PRACTICE,145 WARD HILL AVENUE,WESTBOROUGH,MA,015811017,42.2694308,-71.6129907,93,0
3c7778d2-a651-3e7c-aeb6-7934c7659e79,c56fe86b-652f-3359-ad8e-4b8502d94cb9,Harold594 Erdman779,M,GENERAL PRACTICE,5060 WASHINGTON ST,WEST ROXBURY,MA,021324738,42.2649902,-71.15254191018812,2,0
a4e0a35f-7f73-3d50-9325-625107b01a37,22fa6d28-92b6-3446-a388-f5aba50debaf,Lenard338 Robel940,M,GENERAL PRACTICE,123 CAPTAIN'S ROW,CHELSEA,MA,021504019,42.3917638,-71.0328284,3,0
23366eed-b465-34ce-9418-af600aaa029b,2ca615f3-87f7-3283-a447-d919a883b676,Isaias604 Dickinson688,M,GENERAL PRACTICE,1399 WASHINGTON ST,HANOVER,MA,023391653,42.1441354,-70.8440854,3,0
01dd088e-5d2b-3b00-8954-6ac2c12232b2,c0a33465-d309-3d2a-932e-9d554a7cc19c,Veronika907 Rogahn59,F,GENERAL PRACTICE,100 CENTURY DR,WORCESTER,MA,016061244,42.3138278,-71.7707002,7,0
792e1bd8-1c05-3fd8-a4ff-83e0c7828c16,0583e4f7-f1c2-3100-8e0c-d0decc7ef261,Dusti191 Howe413,F,GENERAL PRACTICE,123 WATERHOUSE ROAD,BOURNE,MA,025323890,41.72840155,-70.58506829999999,29,0
03545687-0d30-396e-b8b7-9c4067109f47,689f8809-c101-38db-b3c9-580b4c37f268,Shonta375 Bins636,F,GENERAL PRACTICE,364 STATE RD,VINEYARD HAVEN,MA,025685624,41.44720825,-70.61474940346154,61,0
bba2ea88-95de-34d2-954d-0baccb02fdf5,80646050-1c76-3046-bbc8-fd5f0b7c34e6,Rosalia943 Barajas558,F,GENERAL PRACTICE,140 ARNHOW FARM ROAD,FITCHBURG,MA,014201369,42.5903661,-71.8119837,12,0
d9abd748-55bb-3552-89ed-8f8a021d3322,0a689d33-2b0d-3942-8de8-e28812e91c69,Clora637 Pagac496,F,GENERAL PRACTICE,47 SEAVERNS AVE # 5,BROOKLINE,MA,024463806,42.3317642,-71.1211635,76,0
988ab92f-77ba-30fc-99c0-70fb39c7b2ad,d36eba4a-0dfb-3a26-b9fe-eb74594bbe3c,Bonita405 Boyer713,F,GENERAL PRACTICE,1350 MAIN ST,WORCESTER,MA,016031550,42.2416259,-71.85047518091996,3,0
24401e9c-34c7-31dd-82fe-6dd18ac991f1,1b3fe590-8793-3f08-865d-01fc425a84d4,Mathilde204 Wintheiser220,F,GENERAL PRACTICE,1340 BOYLSTON ST,BOSTON,MA,022154302,42.34392675,-71.09888049065322,15,0
11bb8a4b-66bd-32a0-a1eb-c3dc96e37f8e,0be0e035-8dad-387e-bbdd-a5a469c4311f,Tyler508 Howe413,M,GENERAL PRACTICE,480 MAPLE ST,DANVERS,MA,019234065,42.584178050000006,-70.97197467750539,20,0
9c1d20cd-62ae-355a-b789-732ed5c60fef,3f12ebb4-e03c-3453-88d2-4fc9682383df,Irina619 Stiedemann542,F,GENERAL PRACTICE,726 COUNTY ST,NORTH DARTMOUTH,MA,027473603,41.6389926,-70.9703171,33,0
a4918fea-5f05-3d4f-b284-9c5576c667f8,9c9d017c-0a4d-3e03-9802-4d310ea05c71,Isiah14 Schaefer657,M,GENERAL PRACTICE,70 FULTON ST,BOSTON,MA,021091402,42.362439499999994,-71.05377386223965,2,0
d5166469-7916-3d4e-89b9-2179717c8110,b014aec7-7bd8-351f-8808-3e280cbc5be6,Rosaria177 Volkman526,F,GENERAL PRACTICE,70 EAST ST,HAVERHILL,MA,018306700,42.7777829,-71.0767724,10,0
77268dcc-91da-3a23-b8aa-7ac23a00d3b5,f1664435-2eca-3eff-bd1a-13701e7ad1bd,Rosa195 Marks830,F,GENERAL PRACTICE,300 PASTEUR DRIVE,NEWTON,MA,024592058,42.3370414,-71.2092214,33,0
e4d0f2a4-9371-36dc-aa4f-021d223675fc,52323856-2b6a-3c09-8277-7d4ff9cb325a,Robby860 Schuster709,M,GENERAL PRACTICE,99 PARK STREET,BROOKLINE,MA,024464406,42.3398029,-71.1238599,2,0
dfe13248-5e21-39c5-974b-aa4d2cc31391,e5b9db6a-8dd8-3622-b9ce-3dc593e111d1,Harvey63 Tromp100,M,GENERAL PRACTICE,1223 BEACON ST STE A,BROOKLINE,MA,024465332,42.3430087,-71.1170155,45,0
986d6668-50ee-3e8a-a75b-453ea10ce74b,36c8b677-a6ce-3266-b71e-ed86d778d0fa,Rebekah348 Rippin620,F,GENERAL PRACTICE,300 FRIBERG PKWY,WESTBOROUGH,MA,015813900,42.28350315,-71.58027718702151,22,0
e5962f35-19c6-3883-a850-02d0e9d6b548,6929d249-cc27-33aa-a871-b6f26059615d,Sina65 Fritsch593,F,GENERAL PRACTICE,ONE HOSPITAL ROAD  FIRST FL  WING 5   PO BOX 1477,OAK BLUFFS,MA,025571406,41.4538523,-70.5684713,84,0
84669c48-83c5-3f17-8580-630dd64ed121,aad05540-c9cb-3805-b3c4-f9b9d9b42b2e,Arla414 Fritsch593,F,GENERAL PRACTICE,821 E MAIN ST STE 3,CHICOPEE,MA,010206306,42.155774795300516,-72.55672263289513,27,0
5e66f0f2-ec46-36a7-aabc-efb641285806,0e9d0119-1157-35a0-8bb5-7e0aa3041928,Gino587 Trantow673,M,GENERAL PRACTICE,1049 MAIN STREET,SPRINGFIELD,MA,011032114,42.09977055,-72.58470990760483,37,0
a94803f4-68a0-30fe-b807-f3268b54078e,76b7dbb5-0a02-32a4-9a01-3511f7e45016,Andrea7 Polanco94,F,GENERAL PRACTICE,59 COUNTRY WAY,SCITUATE,MA,020663746,42.1806871,-70.74862935148246,5,0
81ad2fe2-c2e1-3179-97c3-62a2c59d3103,25c85bcc-7e25-36bc-89e8-08e0d473db23,Sharron285 Okuneva707,F,GENERAL PRACTICE,138 S MAIN ST STE 14,MILFORD,MA,017573272,42.1270746,-71.51639128815474,39,0
9016f618-4f20-3f28-beea-c08a7ccb7e7f,d9b71ccf-6649-3555-9e99-44eac0af257f,Javier97 Collier206,M,GENERAL PRACTICE,655 DEDHAM ST,WRENTHAM,MA,020931135,42.084901,-71.30689224201797,3,0
04acc64e-caec-3771-8195-2bf39b26e86a,cbebae9e-f95e-3d2c-9712-289ea8d6aeec,George991 Haley279,M,GENERAL PRACTICE,49 ROBINWOOD AVENUE,QUINCY,MA,021698130,42.2509914,-71.0037374,73,0
352e150f-baeb-3504-a15a-2bbeea01208f,1cec4304-9757-3a10-ad4f-7e2090c56131,Eugene421 Rohan584,F,GENERAL PRACTICE,55 LAKE AVE N,WORCESTER,MA,016550002,42.2774799,-71.76166994969458,1,0
08be8cf0-a1f7-3eba-9e15-24c46ced903a,5862e05c-9533-3f7a-8f73-215d50f5ee2f,Emilio417 Barton704,M,GENERAL PRACTICE,1200 CENTRE ST,ROSLINDALE,MA,021311000,42.29768,-71.130463,67,0
048b2e28-0576-3d28-925a-2000ec26932d,ec7e487e-7e78-3eac-a9ee-37f8de98a0f9,Marlene554 Hammes673,F,GENERAL PRACTICE,277 WASHINGTON STREET,ABINGTON,MA,023512489,42.10060947239023,-70.94967338146704,4,0
47fb1c13-b61f-3e4c-b939-35d9990d4c16,ad482681-b4c4-3fce-ac59-78c83d31b0ba,Carmelo33 Turner526,M,GENERAL PRACTICE,130 CHESTNUT ST,FRANKLIN,MA,020383903,42.08345955,-71.38413379825735,1,0
344069d1-00a6-37d2-a731-cc6b58b68bbf,411f14a5-de79-3e08-81d6-301270cc2275,Janee223 Harvey63,F,GENERAL PRACTICE,64 CONCORD STREET,WILMINGTON,MA,018872179,42.55962465,-71.13772203658047,68,0
ccd0e1bc-1f69-3958-a7ef-ffed320fac98,78cd7edb-2df6-34da-b463-5f9eb15cf862,Juan Carlos348 Nieves278,M,GENERAL PRACTICE,1 WEBLY ROAD,YARMOUTH PORT,MA,026752000,41.7020544,-70.249465,27,0
cd8919c2-75ca-380b-8c35-8f8ff38386e1,471f7ca2-38f8-3080-8109-187c73ec0b1f,Reginia455 Johnson679,F,GENERAL PRACTICE,27 CONGRESS ST,SALEM,MA,019707308,42.518722068313224,-70.88940635956651,72,0
dd054d58-9b38-3bf2-8705-2f9984055ec0,a5577e5c-b886-37a0-8eee-8ff6feb7ea6b,Synthia172 Keebler762,F,GENERAL PRACTICE,330 MOUNT AUBURN ST,CAMBRIDGE,MA,021385502,42.3741033,-71.13417575971958,855,0
337f4f94-a901-3de0-a11f-f61cb548b354,20df65a4-7567-3066-b680-0f71b0c31d38,Rayford811 Bashirian201,M,GENERAL PRACTICE,242 GREEN ST,GARDNER,MA,014401336,42.58685735,-71.98748072431209,93,0
21b042fc-6d77-33cb-8821-58f256dcc2c9,ce9c1582-994d-32bf-835c-474a249d2804,Maude482 Veum823,F,GENERAL PRACTICE,275 MARTINE STREET  SUITE 104,FALL RIVER,MA,027231500,41.68393816525316,-71.1220830626733,3,0
e2e88644-edf4-3045-b768-8802a53aacbe,62b55e5b-b58f-354d-8f2d-f2a330bc619e,Paz9 Gerlach374,F,GENERAL PRACTICE,201 HIGHLAND ST,CLINTON,MA,015101037,42.42738865,-71.69329092351188,13,0
c2e9de78-e028-3a31-8004-7efd6fdd40ca,966245ce-e84d-36b0-a838-2e0b5bb2e668,Ester635 Longoria249,F,GENERAL PRACTICE,1425 BLUE HILL AVENUE,MATTAPAN,MA,021262122,42.2754929,-71.09384131587021,6,0
c3f35180-c7e7-343a-9b90-404714c1d6f0,9dbd44ba-59b2-3d1d-ac91-3880af8081d2,Rob341 Larson43,M,GENERAL PRACTICE,529 MAIN ST STE B,ACTON,MA,017203965,42.4878132338563,-71.43046999422496,35,0
9f5a17f6-887c-33cc-a4d0-e6221f3b13cc,845fbd9b-2d1c-39a8-8261-28ae40e4fab2,Bennett146 Rippin620,M,GENERAL PRACTICE,14 PROSPECT STREET,UPTON,MA,015681431,42.1700209025178,-71.59409308099494,169,0
ef4254d0-6fb8-3ce7-8054-ef9691af353a,946ec45f-5c4a-361f-b158-927144864133,Jorge203 Harvey63,M,GENERAL PRACTICE,19 MIDSTATE DRIVE  SUITE 130,AUBURN,MA,015011856,42.1894693,-71.85604765,1,0
9509dc3b-2504-3f37-adc5-7fbe6d69b301,9ce6072b-d039-3cde-8eaf-950211b8ae88,Terrie907 Ratke343,F,GENERAL PRACTICE,147 S MAIN ST,MIDDLETON,MA,019492446,42.585787222720036,-71.00861442427218,7,0
40d638a3-7439-3009-a069-bee7b76cc81a,af8566eb-8918-3ec7-ba44-92b6a2cf8097,Trevor374 Walker122,M,GENERAL PRACTICE,81 HIGHLAND AVE,SALEM,MA,019702714,42.5112107,-70.90516241826194,488,0
ee04408d-418d-3062-b4fd-2b9449f839ff,ecd3b321-0a8a-3ce6-81f0-982dd77fce43,Hunter736 Lesch175,M,GENERAL PRACTICE,25 HIGHLAND AVE,NEWBURYPORT,MA,019503867,42.81369325,-70.89091645747592,422,0
34f4bcd5-0126-34a2-8bd7-3d7099dc8d77,eb2596c3-8814-3add-8516-474214bf5c62,Ollie731 Lemke654,M,GENERAL PRACTICE,250 W UNION ST,ASHLAND,MA,017211420,42.24214015,-71.48110671819278,1,0
b66c4bcd-4895-3e13-9d45-78f8e04b271e,a036cdf2-bbc5-3ffd-987f-56e437fd8b74,Lashanda692 Gutmann970,F,GENERAL PRACTICE,265 N MAIN ST,SOUTH YARMOUTH,MA,026642083,41.680980000000005,-70.18292625685085,8,0
dccf3cd5-517e-3e2c-8ecf-2bc94ce0fb55,4f5e8f16-a31b-3071-8556-d7188ede313d,Kala987 Wolf938,F,GENERAL PRACTICE,575 BEECH ST,HOLYOKE,MA,010402223,42.20105435,-72.628169560868,99,0
02a50328-b069-3c00-a882-3d3026f5d756,615416de-5217-3c11-9828-2d4bacd1d9cb,Keli839 Williamson769,F,GENERAL PRACTICE,434 ROUTE 134,HYANNIS,MA,026011854,41.6753274,-70.309939,3,0
afda724e-69f2-348e-a0b9-a2705dea7f84,0e6c3ad1-24c1-34cb-bb6d-e8438fa319e2,Vern731 Casper496,M,GENERAL PRACTICE,50 DODGE ST,SWAMPSCOTT,MA,019071300,42.4699241,-70.9171507,23,0
12d79e33-614f-345c-b21a-9b4c47f6947b,bdd9ad72-443a-3563-a626-4c45f6d058b2,Angele108 Bogan287,F,GENERAL PRACTICE,147 PELHAM STREET,WORCESTER,MA,016072105,42.265209,-71.814005,8,0
66f8cf65-bd54-3716-aef6-14df0534bfef,05fcf001-ab24-3d7d-85f7-f64942d82738,Leonarda398 Schumm995,F,GENERAL PRACTICE,250 POND STREET,FRAMINGHAM,MA,017014592,42.2838619,-71.4093719,36,0
45bc36e6-2f66-32a0-b625-c27c4d03bfd8,7e6db51f-7c1b-3555-9e1c-6269ba6d704d,Jacque955 Streich926,F,GENERAL PRACTICE,120 STAFFORD STREET SUITE 206,WORCESTER,MA,016031461,42.239638,-71.8443785891577,29,0
a8092235-e1bd-3f95-b59d-f3bd4262de37,40d5ac54-6e92-353d-8bce-63afb7e8fb0b,Murray856 Jacobs452,M,GENERAL PRACTICE,1325 SPRINGFIELD STREET STE 12,PITTSFIELD,MA,012016187,42.451302,-73.260018,1,0
ee5f7601-c510-384e-8005-9ac1ac2003e0,9adfae03-673d-365d-9052-f705098fa3e4,Sharilyn202 Wolff180,F,GENERAL PRACTICE,51 BLOSSOM ST,BOSTON,MA,021142699,42.36305545,-71.06643399281765,424,0
dd468577-3dcb-3826-b776-8fbc299f0d28,48a07866-e8d7-3268-aa3c-ca3237c8e6f3,Moshe758 Stamm704,M,GENERAL PRACTICE,188 PROVIDENCE ST,HYDE PARK,MA,021361861,42.2682551,-71.12174592925336,33,0
a0f956f4-4c81-3a67-89a9-3c28b7d5d709,25431f9a-00e4-36d8-9810-4125328eec50,Kati243 Ruecker817,F,GENERAL PRACTICE,55 FRUIT ST,WALTHAM,MA,02451,42.3756401,-71.2358004,10,0
ff2bd626-cb9c-3961-9f9d-bc79258dacdb,7cd7fc5c-3fa7-3b6e-b3c9-0dbaec2a3470,Clay913 Roberts511,M,GENERAL PRACTICE,505 FRONT STREET,CHICOPEE,MA,010133140,42.14871685,-72.59756969862315,116,0
3e974674-523a-3a4d-9702-0403b9e52287,01bde980-bf89-3138-8912-7360dff33247,Bradly656 Lang846,M,GENERAL PRACTICE,456 PARK AVE,WORCESTER,MA,016101254,42.25512735,-71.82580924803523,65,0
a27a39f0-3da5-32ab-9e0e-bc20df697571,4e56c7ec-99e5-3023-8e4f-95ad18a03f06,Ignacio928 Alanis890,M,GENERAL PRACTICE,28 RIVERSIDE DR STE 101,PEMBROKE,MA,023594947,42.11004715,-70.77534154695786,45,0
6e904415-b2f6-3575-a7c4-b2a47be66eab,e2a8b444-9b8f-36ff-84c4-05ee98589482,Francisco472 Gusikowski974,F,GENERAL PRACTICE,8 SHIPWAY PL # C-8,CHARLESTOWN,MA,021294301,42.3778749,-71.0619957,89,0
027b78b3-7361-3916-889e-dcb745042470,65dac97b-bb0c-38ae-94bc-bf29ac9687ea,Sebastian508 Rowe323,M,GENERAL PRACTICE,265 MAIN STREET,DALTON,MA,012261614,42.472932099999994,-73.17745071097283,19,0
c1a9cbd5-08d7-3ae6-a77b-b05147777ea9,71f4c23f-7559-31ff-8f42-a672e80b85a2,Clayton230 Jast432,M,GENERAL PRACTICE,300 FIRST AVENUE,WESTBOROUGH,MA,015812831,42.2694308,-71.6129907,5,0
22ee74db-2acf-39f9-b9d0-88a31bc2af05,121b0ad1-1beb-3caa-9271-3d3f726bb727,Carlos172 Salas880,M,GENERAL PRACTICE,1030 MAIN STREET,WALTHAM,MA,024517447,42.375828,-71.2527956,408,0
e31f60ff-f566-30b1-b123-04c0157d4498,4f029aea-a3f7-3429-a477-45cfe183c3f9,Marchelle563 Lesch175,F,GENERAL PRACTICE,1675 NORTH MAIN STREET,LANCASTER,MA,015232405,42.4761132,-71.6873032,3,0
3f17f195-e3f9-3a95-ae16-0a89dd60710d,f6ba791e-fe68-3596-bef4-60751db6a60e,Freeda113 Crooks415,F,GENERAL PRACTICE,37 BIRCH STREET,MILFORD,MA,017575501,42.1424349,-71.48943173357203,6,0
45f10f2e-ab24-3a3b-909e-898fffb6533c,11a40a26-a5a3-331d-aef0-d06dd90e2b4e,Len277 Wintheiser220,M,GENERAL PRACTICE,10 OSTERVILLE WEST BARNSTABLE RD,YARMOUTH PORT,MA,026752000,41.7020544,-70.249465,70,0
45483534-c497-3ba1-90d1-5350cf3e7d0c,b954c464-11ea-312b-a3f8-1350775bfa54,Hortensia953 Walker122,F,GENERAL PRACTICE,123 CAPTAIN'S ROW,CHELSEA,MA,021504019,42.3917638,-71.0328284,8,0
2ce26c92-0a53-3f5a-adc9-15b80e0a70f3,9f368e75-397f-3d77-a317-9a005512a4e2,Franklin857 Pfannerstill264,M,GENERAL PRACTICE,381 PARK AVE,WORCESTER,MA,016101026,42.2583962,-71.82204240042036,93,0
ffbb5c7c-797d-360c-8c7a-3d6ff09f9e29,4d3ec6c2-f6aa-3d7b-adcc-e7107dac8530,Elsa29 Schultz619,F,GENERAL PRACTICE,14 MASONIC CIRCLE,AUBURN,MA,015011341,42.181923125,-71.86839612499999,11,0
991c02c9-16eb-38e4-93c9-dbc4d3a58e89,95f6c328-96dd-3fb8-a56e-9aad566094b4,Milda157 Schoen8,F,GENERAL PRACTICE,4 STONY HILL ROAD,WILBRAHAM,MA,010951027,42.1552861,-72.48384800788648,3,0
aac5ccb7-94e5-334e-be50-ec3a52952fba,19f958ef-57cf-33c1-b068-14b32a980813,Aura483 Bruen238,F,GENERAL PRACTICE,155 BROADWAY RD,DRACUT,MA,018262754,42.67578279999999,-71.29320171860073,61,0
ef9862cb-d858-30e9-bfd8-b88be588113a,47602b5b-f4aa-3c73-aa26-2268ccf7a83c,Christopher407 Fisher429,M,GENERAL PRACTICE,90 LINDALL STREET,DANVERS,MA,019232125,42.574712149999996,-70.94359556912616,3,0
cee0d5b9-4b7e-3dde-abe1-eee9675e828a,91808f17-7583-32a3-aa55-23b131b327c7,Jospeh459 Wunsch504,M,GENERAL PRACTICE,200 CORDWAINER DR,NORWELL,MA,020611671,42.16352995,-70.8846291501739,46,0
4e322d2e-3fa8-3f95-941f-c9798af4d176,76baa51d-0d0f-359d-a07b-7b999a43d42e,Lincoln623 Gibson10,M,GENERAL PRACTICE,101 STATION DR STE 240,WESTWOOD,MA,020902336,42.20728361922244,-71.15698168263435,37,0
2df0d847-9f24-37af-acb2-e86732388fec,02d7b144-352f-3eac-97db-6fc4a95bf1fa,Greta919 Reinger292,F,GENERAL PRACTICE,120 SEMINARY AVENUE,AUBURNDALE,MA,024662650,42.34002614299451,-71.24911543639162,2,0
cdc76423-6862-39f8-b9e5-f1f6318831f2,53f086de-2fc7-3d35-92c2-aca4ed944e7f,Carisa395 Kutch271,F,GENERAL PRACTICE,1 GENERAL ST,LAWRENCE,MA,018412961,42.7097143,-71.15007700778098,95,0
fac4769a-3b55-3a14-a26c-2b27f1e35b0d,c709c5eb-ddd7-3778-84f7-0931a4d1c718,Carmelina668 Goyette777,F,GENERAL PRACTICE,1200 CENTRE ST,ROSLINDALE,MA,021311000,42.29768,-71.130463,2,0
ad018fa0-62fa-3918-9ba9-34a4175ae012,c05d73d0-b348-32ce-9fe5-13a720950f37,Rema399 McDermott739,F,GENERAL PRACTICE,45 DRUM HILL RD,CHELMSFORD,MA,018241503,42.6255635,-71.3615131,9,0
c05c9c70-6861-3771-89b1-ebb8cc2554fb,0e061004-bcc0-3e99-a237-d700823e817b,Kizzie166 Lehner980,F,GENERAL PRACTICE,570 BALDWINVILLE RD,BALDWINVILLE,MA,014361351,42.5953045,-72.07447782689232,32,0
c0973ba7-28c8-32e4-9c6d-1fd9fc89ecd2,de3cc142-803a-3ed4-8945-75ec88a84784,Brittni468 Trantow673,F,GENERAL PRACTICE,51 HOSPITAL ROAD,BALDWINVILLE,MA,014361215,42.6108483,-72.0608364,63,0
54b2aedc-1494-3858-ab60-f5b3d9d11e1b,0592d4e5-a0fb-3143-83cd-8e5a6b066a96,Mica978 Lemke654,F,GENERAL PRACTICE,20 EAST ST,HANOVER,MA,023391638,42.1278249,-70.82664947485381,63,0
4179f86b-b9f9-310b-8584-5b43d34e0676,c67ca7ed-4769-3b6c-a0a9-993f1227ff10,Allen322 Veum823,M,GENERAL PRACTICE,1 BLACKBURN DR,GLOUCESTER,MA,019302237,42.6269312,-70.65555242413386,196,0
7b2b1bcc-c800-3c35-9b1e-95b9d9f9e497,7b5bf0fc-c5c0-3f22-980b-fdfff326a9b4,Lorenzo669 Castañeda925,M,GENERAL PRACTICE,40 CUMBERLAND AVE,NORTH ATTLEBORO,MA,027604445,41.9316677,-71.35407469790115,6,0
786213a4-27f0-3986-bd3c-445bfe36a97a,ba07b31b-bf14-39b8-be95-4c5ca5062daa,Kim439 Hyatt152,M,GENERAL PRACTICE,1575 CAMBRIDGE ST,CAMBRIDGE,MA,021384308,42.375209549999994,-71.10711344152975,210,0
e7ff9ad7-22d9-345d-b193-1e397a80747c,6aae7a31-90df-3455-ad8d-81f8cf2d21e8,Houston994 Funk324,M,GENERAL PRACTICE,680 CENTRE ST,BROCKTON,MA,023023308,42.0872752,-70.9910738855076,65,0
420fad82-01df-3c2f-b437-835de0e6bb44,104079d4-560e-3eb8-9a48-d495835a3997,Paris331 Schmeler639,M,GENERAL PRACTICE,68 CAMP ST,MASHPEE,MA,026493465,41.6484421,-70.4811383,65,0
